"Name","activation_function","batch_size","epochs","learning_rate","num_neurons","optimizer","Train_cost","Train_mse","Train_r2","Train_rmse","Validation_cost","Validation_mse","Validation_r2","Validation_rmse","mse","r2","rmse"
"run-66","relu","256","100","0.1","[32,64]","sgd","0.005103945805405139","0.005103945805405139","0.881404000748569","0.07144190510761271","0.010032149844085122","0.010032149844085122","0.7024191096162542","0.10016062022614038","0.010032149844085122","0.7024191096162542","0.10016062022614038"
"run-12","relu","16","10","0.1","[32,64]","sgd","0.0068820958684442015","0.0068820958684442015","0.8400866569551089","0.08295839842019735","0.01014152442601925","0.01014152442601925","0.6991747615968217","0.10070513604588026","0.01014152442601925","0.6991747615968217","0.10070513604588026"
"run-69","relu","256","100","0.1","[32,64,32]","sgd","0.005767454778557537","0.005767454778557537","0.8659866133617424","0.07594376062954439","0.011687263316960048","0.011687263316960048","0.653323935740373","0.10810764689401044","0.011687263316960048","0.653323935740373","0.10810764689401044"
"run-33","relu","16","100","0.1","[32,64,32]","sgd","0.006768440340300849","0.006768440340300849","0.842727572718034","0.08227053142104315","0.011780245476368169","0.011780245476368169","0.6505658316234586","0.1085368392591574","0.011780245476368169","0.6505658316234586","0.1085368392591574"
"run-18","relu","16","100","0.01","[32]","sgd","0.008428936578643258","0.008428936578643258","0.8041440496659453","0.09180924015938297","0.012554705904720465","0.012554705904720465","0.6275932258093685","0.11204778402414065","0.012554705904720465","0.6275932258093685","0.11204778402414065"
"run-45","relu","256","10","0.1","[32]","sgd","0.01210134457504485","0.01210134457504485","0.7188114633498919","0.11000611153497268","0.0126038633649612","0.0126038633649612","0.6261350816413898","0.1122669290795878","0.0126038633649612","0.6261350816413898","0.1122669290795878"
"run-15","relu","16","10","0.1","[32,64,32]","sgd","0.006271966235493197","0.006271966235493197","0.8542637145202783","0.07919574632196603","0.013067102048596362","0.013067102048596362","0.6123941604949994","0.11431142571325212","0.013067102048596362","0.6123941604949994","0.11431142571325212"
"run-24","relu","16","100","0.01","[32,64,32]","sgd","0.008186188320892816","0.008186188320892816","0.8097845821661083","0.09047755700113048","0.0135142610889529","0.0135142610889529","0.5991302053666883","0.11625085414289608","0.0135142610889529","0.5991302053666883","0.11625085414289608"
"run-198","tanh","256","100","0.01","[32]","sgd","0.011203927144657424","0.011203927144657424","0.7396639803945945","0.1058486048309444","0.013584102739509355","0.013584102739509355","0.5970585117734435","0.11655085902518848","0.013584102739509355","0.5970585117734435","0.11655085902518848"
"run-51","relu","256","10","0.1","[32,64,32]","sgd","0.007876582058654802","0.007876582058654802","0.8169786366182015","0.08875011018953612","0.0135937449671162","0.0135937449671162","0.5967724970387036","0.11659221658033696","0.0135937449671162","0.5967724970387036","0.11659221658033696"
"run-54","relu","256","100","0.01","[32]","sgd","0.00932574714915677","0.00932574714915677","0.7833056337022293","0.0965699080933433","0.013791137124357656","0.013791137124357656","0.5909173079895376","0.11743567228213772","0.013791137124357656","0.5909173079895376","0.11743567228213772"
"run-213","tanh","256","100","0.1","[32,64,32]","sgd","0.010461282102138278","0.010461282102138278","0.756920184567728","0.10228040918053798","0.01396910922508002","0.01396910922508002","0.5856381707139262","0.11819098622602328","0.01396910922508002","0.5856381707139262","0.11819098622602328"
"run-30","relu","16","100","0.1","[32,64]","sgd","0.007410350593242543","0.007410350593242543","0.8278120562176945","0.08608339324888711","0.014144230239683331","0.014144230239683331","0.5804436044185192","0.11892951794942806","0.014144230239683331","0.5804436044185192","0.11892951794942806"
"run-165","tanh","16","100","0.01","[32,64]","sgd","0.011928045209617329","0.011928045209617329","0.7228382716656758","0.1092155905061971","0.014194891915830664","0.014194891915830664","0.5789408411095018","0.11914231790522906","0.014194891915830664","0.5789408411095018","0.11914231790522906"
"run-57","relu","256","100","0.01","[32,64]","sgd","0.01023206947214006","0.01023206947214006","0.7622462013265461","0.10115369233073038","0.014243428367743468","0.014243428367743468","0.5775011177400591","0.11934583515038748","0.014243428367743468","0.5775011177400591","0.11934583515038748"
"run-9","relu","16","10","0.1","[32]","sgd","0.007485908148474419","0.007485908148474419","0.8260563902867926","0.08652114278298928","0.014343973816854426","0.014343973816854426","0.5745186658493396","0.11976633006339649","0.014343973816854426","0.5745186658493396","0.11976633006339649"
"run-183","tanh","256","10","0.01","[32,64]","sgd","0.012251272599884209","0.012251272599884209","0.7153277147758403","0.11068546697685389","0.014396860911136384","0.014396860911136384","0.572949890576758","0.11998691975018104","0.014396860911136384","0.572949890576758","0.11998691975018104"
"run-171","tanh","16","100","0.1","[32]","sgd","0.013118642071856732","0.013118642071856732","0.6951733962993724","0.11453664073935786","0.014427726862783223","0.014427726862783223","0.5720343223768847","0.12011547303650444","0.014427726862783223","0.5720343223768847","0.12011547303650444"
"run-63","relu","256","100","0.1","[32]","sgd","0.01550790165200486","0.01550790165200486","0.6396562262152692","0.12453072573467504","0.014458561401002911","0.014458561401002911","0.571119685984826","0.12024375826213564","0.014458561401002911","0.571119685984826","0.12024375826213564"
"run-159","tanh","16","10","0.1","[32,64,32]","sgd","0.011550058481195944","0.011550058481195944","0.7316212242027973","0.10747119837982612","0.01453734457536955","0.01453734457536955","0.5687827624400581","0.12057091098341072","0.01453734457536955","0.5687827624400581","0.12057091098341072"
"run-180","tanh","256","10","0.01","[32]","sgd","0.01198454965721332","0.01198454965721332","0.7215253264111045","0.1094739679431294","0.0146786614975696","0.0146786614975696","0.564590917602396","0.121155526071119","0.0146786614975696","0.564590917602396","0.121155526071119"
"run-48","relu","256","10","0.1","[32,64]","sgd","0.00903824613187196","0.00903824613187196","0.7899860475880089","0.09506969092130237","0.01473484879626284","0.01473484879626284","0.5629242492777347","0.12138718546973086","0.01473484879626284","0.5629242492777347","0.12138718546973086"
"run-204","tanh","256","100","0.01","[32,64,32]","sgd","0.010519672330993612","0.010519672330993612","0.7555634210358181","0.10256545388674304","0.01483406776174376","0.01483406776174376","0.5599811445046163","0.12179518776102674","0.01483406776174376","0.5599811445046163","0.12179518776102674"
"run-177","tanh","16","100","0.1","[32,64,32]","sgd","0.01088026030753741","0.01088026030753741","0.747184748333029","0.10430848626807604","0.014858346865226076","0.014858346865226076","0.5592609601628477","0.12189481886128745","0.014858346865226076","0.5592609601628477","0.12189481886128745"
"run-21","relu","16","100","0.01","[32,64]","sgd","0.009632876439844512","0.009632876439844512","0.776169134507837","0.09814721819717824","0.01490577315337452","0.01490577315337452","0.5578541672745685","0.1220892016247732","0.01490577315337452","0.5578541672745685","0.1220892016247732"
"run-144","tanh","16","10","0.01","[32]","sgd","0.01226210367999364","0.01226210367999364","0.7150760422821414","0.11073438345876876","0.014989167486371803","0.014989167486371803","0.5553804642047402","0.12243025560036948","0.014989167486371803","0.5553804642047402","0.12243025560036948"
"run-156","tanh","16","10","0.1","[32,64]","sgd","0.012518517507970702","0.012518517507970702","0.7091179746791076","0.11188618104113976","0.014994768958737664","0.014994768958737664","0.5552143092768336","0.12245312964043696","0.014994768958737664","0.5552143092768336","0.12245312964043696"
"run-162","tanh","16","100","0.01","[32]","sgd","0.011518198155092007","0.011518198155092007","0.7323615352003732","0.10732286874237013","0.014999960409992076","0.014999960409992076","0.5550603166919259","0.12247432551352172","0.014999960409992076","0.5550603166919259","0.12247432551352172"
"run-36","relu","256","10","0.01","[32]","sgd","0.012636170210459536","0.012636170210459536","0.7063841800135142","0.11241072106547284","0.015204502346027438","0.015204502346027438","0.5489930457288525","0.12330653813171236","0.015204502346027438","0.5489930457288525","0.12330653813171236"
"run-147","tanh","16","10","0.01","[32,64]","sgd","0.012346503490757926","0.012346503490757926","0.713114916463834","0.11111482120202472","0.015219148300540225","0.015219148300540225","0.5485586068247124","0.12336591223081124","0.015219148300540225","0.5485586068247124","0.12336591223081124"
"run-149","tanh","16","10","0.01","[32,64]","minibatch-gd","0.01571758299565399","0.01571758299565399","0.6347840411603034","0.12536978501877552","0.015222919503474954","0.015222919503474954","0.5484467426735009","0.12338119590713552","0.015222919503474954","0.5484467426735009","0.12338119590713552"
"run-168","tanh","16","100","0.01","[32,64,32]","sgd","0.011111347205446287","0.011111347205446287","0.7418151808226542","0.10541037522675976","0.015473654447405146","0.015473654447405146","0.5410092612737333","0.1243931446961815","0.015473654447405146","0.5410092612737333","0.1243931446961815"
"run-158","tanh","16","10","0.1","[32,64]","minibatch-gd","0.012134386373151815","0.012134386373151815","0.7180436995034558","0.110156190807198","0.015499603457649218","0.015499603457649218","0.5402395429488459","0.12449740341729708","0.015499603457649218","0.5402395429488459","0.12449740341729708"
"run-195","tanh","256","10","0.1","[32,64,32]","sgd","0.011201228537261266","0.011201228537261266","0.7397266856138378","0.10583585657640451","0.015543304578293778","0.015543304578293778","0.538943248675506","0.12467279004776374","0.015543304578293778","0.538943248675506","0.12467279004776374"
"run-201","tanh","256","100","0.01","[32,64]","sgd","0.011460342605595078","0.011460342605595078","0.7337058748478598","0.10705298970881232","0.015582417751415318","0.015582417751415318","0.5377830454225507","0.12482955479939564","0.015582417751415318","0.5377830454225507","0.12482955479939564"
"run-34","relu","16","100","0.1","[32,64,32]","batch-gd","0.014478012562540587","0.014478012562540587","0.6635868732753953","0.12032461328647846","0.01562899121390478","0.01562899121390478","0.5364015496662808","0.12501596383624286","0.01562899121390478","0.5364015496662808","0.12501596383624286"
"run-164","tanh","16","100","0.01","[32]","minibatch-gd","0.012878667357660422","0.012878667357660422","0.7007494823532345","0.1134842163371648","0.01616767499999825","0.01616767499999825","0.5204227212803099","0.12715217261218248","0.01616767499999825","0.5204227212803099","0.12715217261218248"
"run-6","relu","16","10","0.01","[32,64,32]","sgd","0.010564634960090288","0.010564634960090288","0.7545186630916713","0.1027844101023608","0.0164268330815847","0.0164268330815847","0.5127353866743471","0.12816720751262664","0.0164268330815847","0.5127353866743471","0.12816720751262664"
"run-153","tanh","16","10","0.1","[32]","sgd","0.01266784460041886","0.01266784460041886","0.7056481894542243","0.11255151976059168","0.016725815714442933","0.016725815714442933","0.5038667474018099","0.1293283252595615","0.016725815714442933","0.5038667474018099","0.1293283252595615"
"run-176","tanh","16","100","0.1","[32,64]","minibatch-gd","0.012043857618283542","0.012043857618283542","0.7201472383249732","0.10974451065216675","0.01674164204882502","0.01674164204882502","0.5033972952155761","0.12938949744405465","0.01674164204882502","0.5033972952155761","0.12938949744405465"
"run-150","tanh","16","10","0.01","[32,64,32]","sgd","0.012563879803382269","0.012563879803382269","0.7080639300325177","0.11208871398754768","0.0170002425259958","0.0170002425259958","0.49572650067540935","0.13038497814547426","0.0170002425259958","0.49572650067540935","0.13038497814547426"
"run-212","tanh","256","100","0.1","[32,64]","minibatch-gd","0.014307001077852445","0.014307001077852445","0.6675605200740318","0.11961187682605956","0.017023139308990812","0.017023139308990812","0.4950473197245192","0.1304727531287311","0.017023139308990812","0.4950473197245192","0.1304727531287311"
"run-35","relu","16","100","0.1","[32,64,32]","minibatch-gd","0.015223605778704824","0.015223605778704824","0.6462621649267206","0.1233839769933877","0.017113768164141282","0.017113768164141282","0.49235902102191986","0.1308196016051925","0.017113768164141282","0.49235902102191986","0.1308196016051925"
"run-39","relu","256","10","0.01","[32,64]","sgd","0.012617748006361562","0.012617748006361562","0.7068122409269156","0.11232874968752016","0.01746897318052729","0.01746897318052729","0.4818226727129637","0.1321702431734439","0.01746897318052729","0.4818226727129637","0.1321702431734439"
"run-179","tanh","16","100","0.1","[32,64,32]","minibatch-gd","0.013723695676617765","0.013723695676617765","0.6811142860358341","0.1171481782897957","0.01766368946145482","0.01766368946145482","0.4760468574439375","0.1329048135375646","0.01766368946145482","0.4760468574439375","0.1329048135375646"
"run-81","sigmoid","16","10","0.1","[32]","sgd","0.012808248761128136","0.012808248761128136","0.7023857387203742","0.11317353383688317","0.017733980242819074","0.017733980242819074","0.4739618414075714","0.1331689912960937","0.017733980242819074","0.4739618414075714","0.1331689912960937"
"run-192","tanh","256","10","0.1","[32,64]","sgd","0.013237767445088594","0.013237767445088594","0.6924053824502303","0.11505549723976076","0.017977206813794857","0.017977206813794857","0.466747078801266","0.13407910655204583","0.017977206813794857","0.466747078801266","0.13407910655204583"
"run-23","relu","16","100","0.01","[32,64]","minibatch-gd","0.01208311516836306","0.01208311516836306","0.7192350443955406","0.1099232239718389","0.018046846276495457","0.018046846276495457","0.46468138265055414","0.13433855096916691","0.018046846276495457","0.46468138265055414","0.13433855096916691"
"run-155","tanh","16","10","0.1","[32]","minibatch-gd","0.013275497890108352","0.013275497890108352","0.6915286725477504","0.11521934685680332","0.018097305049334374","0.018097305049334374","0.4631846380063413","0.13452622439262307","0.018097305049334374","0.4631846380063413","0.13452622439262307"
"run-65","relu","256","100","0.1","[32]","minibatch-gd","0.012360631053482238","0.012360631053482238","0.712786646438611","0.1111783749363258","0.018101752086914415","0.018101752086914415","0.4630527267586819","0.13454275189289988","0.018101752086914415","0.4630527267586819","0.13454275189289988"
"run-178","tanh","16","100","0.1","[32,64,32]","batch-gd","0.013701303695537265","0.013701303695537265","0.6816345892429427","0.117052568086041","0.01842696864858904","0.01842696864858904","0.4534059177003288","0.13574597102157043","0.01842696864858904","0.4534059177003288","0.13574597102157043"
"run-60","relu","256","100","0.01","[32,64,32]","sgd","0.01271588808565592","0.01271588808565592","0.704531844305501","0.1127647466438688","0.01872831542857581","0.01872831542857581","0.4444671513843923","0.1368514356102113","0.01872831542857581","0.4444671513843923","0.1368514356102113"
"run-173","tanh","16","100","0.1","[32]","minibatch-gd","0.01463272976654672","0.01463272976654672","0.6599918426637728","0.12096582065421092","0.018812667356636295","0.018812667356636295","0.4419650434366501","0.13715927732616665","0.018812667356636295","0.4419650434366501","0.13715927732616665"
"run-175","tanh","16","100","0.1","[32,64]","batch-gd","0.01247551269864103","0.01247551269864103","0.7101172404490672","0.11169383464919194","0.018843073795310257","0.018843073795310257","0.44106310564319384","0.137270076110237","0.018843073795310257","0.44106310564319384","0.137270076110237"
"run-3","relu","16","10","0.01","[32,64]","sgd","0.012753580298857953","0.012753580298857953","0.70365602276289","0.11293175062336525","0.01891226998457938","0.01891226998457938","0.4390105581898672","0.1375218891107135","0.01891226998457938","0.4390105581898672","0.1375218891107135"
"run-214","tanh","256","100","0.1","[32,64,32]","batch-gd","0.015449243213989996","0.015449243213989996","0.6410192218927574","0.124294984669495","0.018925393087767143","0.018925393087767143","0.43862129120403626","0.13756959361634802","0.018925393087767143","0.43862129120403626","0.13756959361634802"
"run-59","relu","256","100","0.01","[32,64]","minibatch-gd","0.018097055602397268","0.018097055602397268","0.5794942825603436","0.13452529725816356","0.019087464917158112","0.019087464917158112","0.4338137992859682","0.13815739182960177","0.019087464917158112","0.4338137992859682","0.13815739182960177"
"run-68","relu","256","100","0.1","[32,64]","minibatch-gd","0.014737930214186684","0.014737930214186684","0.657547390335077","0.1213998773236064","0.01911920435018815","0.01911920435018815","0.4328723212490424","0.13827221105554127","0.01911920435018815","0.4328723212490424","0.13827221105554127"
"run-211","tanh","256","100","0.1","[32,64]","batch-gd","0.01535351964713036","0.01535351964713036","0.6432434680929437","0.12390932025933464","0.019455153051900327","0.019455153051900327","0.42290716768450354","0.13948173017245064","0.019455153051900327","0.42290716768450354","0.13948173017245064"
"run-99","sigmoid","16","100","0.1","[32]","sgd","0.01579812424634275","0.01579812424634275","0.6329125733840824","0.12569058933087532","0.01961809532141266","0.01961809532141266","0.41807385614149306","0.14006461123857325","0.01961809532141266","0.41807385614149306","0.14006461123857325"
"run-215","tanh","256","100","0.1","[32,64,32]","minibatch-gd","0.014933858534680391","0.014933858534680391","0.6529947724514783","0.12220416741944766","0.019709042102236413","0.019709042102236413","0.4153761268974442","0.14038889593638243","0.019709042102236413","0.4153761268974442","0.14038889593638243"
"run-209","tanh","256","100","0.1","[32]","minibatch-gd","0.013681635261224132","0.013681635261224132","0.682091607736087","0.1169685225230452","0.019902501411841265","0.019902501411841265","0.409637596821642","0.141076225537265","0.019902501411841265","0.409637596821642","0.141076225537265"
"run-186","tanh","256","10","0.01","[32,64,32]","sgd","0.015966318582338046","0.015966318582338046","0.6290043862468544","0.12635789877304088","0.020179272232725205","0.020179272232725205","0.4014278203937667","0.14205376528879904","0.020179272232725205","0.4014278203937667","0.14205376528879904"
"run-32","relu","16","100","0.1","[32,64]","minibatch-gd","0.015050567262489732","0.015050567262489732","0.6502829121136875","0.1226807534313746","0.02062938547229169","0.02062938547229169","0.3880762356701115","0.14362933360665464","0.02062938547229169","0.3880762356701115","0.14362933360665464"
"run-0","relu","16","10","0.01","[32]","sgd","0.011133159948797518","0.011133159948797518","0.7413083368645121","0.10551379032523436","0.02070533016407219","0.02070533016407219","0.3858235092504313","0.14389346810773654","0.02070533016407219","0.3858235092504313","0.14389346810773654"
"run-197","tanh","256","10","0.1","[32,64,32]","minibatch-gd","0.019914209630833776","0.019914209630833776","0.5372706371666237","0.1411177155102568","0.02074418112586544","0.02074418112586544","0.3846710838996959","0.1440284038857108","0.02074418112586544","0.3846710838996959","0.1440284038857108"
"run-207","tanh","256","100","0.1","[32]","sgd","0.015809566072397203","0.015809566072397203","0.6326467095121048","0.12573609693479912","0.020746678820270516","0.020746678820270516","0.38459699548031223","0.1440370744644257","0.020746678820270516","0.38459699548031223","0.1440370744644257"
"run-71","relu","256","100","0.1","[32,64,32]","minibatch-gd","0.01528049767909712","0.01528049767909712","0.6449402167647336","0.12361431017118173","0.021233981221465845","0.021233981221465845","0.3701422789252818","0.1457188430556112","0.021233981221465845","0.3701422789252818","0.1457188430556112"
"run-161","tanh","16","10","0.1","[32,64,32]","minibatch-gd","0.014476426286035146","0.014476426286035146","0.6636237322183436","0.12031802145163104","0.021546665253399107","0.021546665253399107","0.3608672188357097","0.14678782392759662","0.021546665253399107","0.3608672188357097","0.14678782392759662"
"run-11","relu","16","10","0.1","[32]","minibatch-gd","0.016571314032799923","0.016571314032799923","0.6149466272647525","0.12872961598948365","0.021604779330036294","0.021604779330036294","0.359143397028989","0.14698564327864236","0.021604779330036294","0.359143397028989","0.14698564327864236"
"run-64","relu","256","100","0.1","[32]","batch-gd","0.01737254045326488","0.01737254045326488","0.5963292179926831","0.13180493334190826","0.021758993133878687","0.021758993133878687","0.35456899555272525","0.1475092984658211","0.021758993133878687","0.35456899555272525","0.1475092984658211"
"run-167","tanh","16","100","0.01","[32,64]","minibatch-gd","0.016812352440844804","0.016812352440844804","0.609345825071715","0.12966245578749774","0.02187168064487994","0.02187168064487994","0.35122637703326076","0.14789077268335554","0.02187168064487994","0.35122637703326076","0.14789077268335554"
"run-90","sigmoid","16","100","0.01","[32]","sgd","0.020342105643023013","0.020342105643023013","0.5273279855249187","0.1426257537859941","0.02198202294383888","0.02198202294383888","0.34795332389096234","0.14826335671310997","0.02198202294383888","0.34795332389096234","0.14826335671310997"
"run-135","sigmoid","256","100","0.1","[32]","sgd","0.01995511806306004","0.01995511806306004","0.5363200831085173","0.14126258550323947","0.022231851119303477","0.022231851119303477","0.3405427397137799","0.14910349130487682","0.022231851119303477","0.3405427397137799","0.14910349130487682"
"run-42","relu","256","10","0.01","[32,64,32]","sgd","0.015867703397592137","0.015867703397592137","0.6312958224850527","0.12596707267215562","0.02231515011577014","0.02231515011577014","0.3380718645851317","0.14938256295756255","0.02231515011577014","0.3380718645851317","0.14938256295756255"
"run-166","tanh","16","100","0.01","[32,64]","batch-gd","0.02512857649124591","0.02512857649124591","0.4161088788228676","0.15851995612933378","0.023021093311753428","0.023021093311753428","0.31713166651333824","0.1517270355333993","0.023021093311753428","0.31713166651333824","0.1517270355333993"
"run-206","tanh","256","100","0.01","[32,64,32]","minibatch-gd","0.02655188610530499","0.02655188610530499","0.3830366573771101","0.16294749493411978","0.023140206788026182","0.023140206788026182","0.31359843636059603","0.152119054651369","0.023140206788026182","0.31359843636059603","0.152119054651369"
"run-14","relu","16","10","0.1","[32,64]","minibatch-gd","0.014260981452515708","0.014260981452515708","0.6686298385307847","0.11941935124809425","0.023219844295768306","0.023219844295768306","0.3112361709608408","0.15238059028553572","0.023219844295768306","0.3112361709608408","0.15238059028553572"
"run-117","sigmoid","256","10","0.1","[32]","sgd","0.0231517346398772","0.0231517346398772","0.4620430528254289","0.15215694082057907","0.024215975369293905","0.024215975369293905","0.28168821001471933","0.15561483017146505","0.024215975369293905","0.28168821001471933","0.15561483017146505"
"run-72","sigmoid","16","10","0.01","[32]","sgd","0.02224790509424975","0.02224790509424975","0.4830445626775003","0.14915731659643702","0.024410304308054423","0.024410304308054423","0.2759238843694263","0.15623797332292308","0.024410304308054423","0.2759238843694263","0.15623797332292308"
"run-126","sigmoid","256","100","0.01","[32]","sgd","0.021513480804901113","0.021513480804901113","0.5001097482791153","0.146674744945751","0.02479362034927422","0.02479362034927422","0.2645536864938619","0.1574599007661132","0.02479362034927422","0.2645536864938619","0.1574599007661132"
"run-67","relu","256","100","0.1","[32,64]","batch-gd","0.019427470007505863","0.019427470007505863","0.5485805871944447","0.13938245946856392","0.02501289355179724","0.02501289355179724","0.25804944604109714","0.15815465074349613","0.02501289355179724","0.25804944604109714","0.15815465074349613"
"run-47","relu","256","10","0.1","[32]","minibatch-gd","0.021802322418143973","0.021802322418143973","0.4933981841179802","0.14765609509310468","0.02520132845200711","0.02520132845200711","0.2524599536336559","0.15874926283925578","0.02520132845200711","0.2524599536336559","0.15874926283925578"
"run-31","relu","16","100","0.1","[32,64]","batch-gd","0.017292590500371546","0.017292590500371546","0.5981869462905518","0.13150129467184551","0.02520912636385509","0.02520912636385509","0.25222864632795183","0.15877382140597074","0.02520912636385509","0.25222864632795183","0.15877382140597074"
"run-20","relu","16","100","0.01","[32]","minibatch-gd","0.019324065567156417","0.019324065567156417","0.5509833072463095","0.13901102678261323","0.025215633247156363","0.025215633247156363","0.25203563444550303","0.15879431112970124","0.025215633247156363","0.25203563444550303","0.15879431112970124"
"run-189","tanh","256","10","0.1","[32]","sgd","0.023332337405781903","0.023332337405781903","0.4578465416737316","0.15274926319227175","0.025516901510512408","0.025516901510512408","0.2430991971467006","0.15974010614279813","0.025516901510512408","0.2430991971467006","0.15974010614279813"
"run-190","tanh","256","10","0.1","[32]","batch-gd","0.02915310825696971","0.02915310825696971","0.32259429530795636","0.1707428131927365","0.025517793648234924","0.025517793648234924","0.24307273391180703","0.15974289858467863","0.025517793648234924","0.24307273391180703","0.15974289858467863"
"run-138","sigmoid","256","100","0.1","[32,64]","sgd","0.020945613751053187","0.020945613751053187","0.5133047866397774","0.14472599542256803","0.02569420718354437","0.02569420718354437","0.2378398279316316","0.16029412710247487","0.02569420718354437","0.2378398279316316","0.16029412710247487"
"run-191","tanh","256","10","0.1","[32]","minibatch-gd","0.022391482433522528","0.022391482433522528","0.4797083795223256","0.14963783757299665","0.025758694846200317","0.025758694846200317","0.2359269482029425","0.1604951552109917","0.025758694846200317","0.2359269482029425","0.1604951552109917"
"run-136","sigmoid","256","100","0.1","[32]","batch-gd","0.027522813165240995","0.027522813165240995","0.36047606028937806","0.1659000095396049","0.026095830228402377","0.026095830228402377","0.22592659446274133","0.16154203857944338","0.026095830228402377","0.22592659446274133","0.16154203857944338"
"run-205","tanh","256","100","0.01","[32,64,32]","batch-gd","0.030345703429008324","0.030345703429008324","0.29488298693540904","0.17420018205790808","0.026343461371978506","0.026343461371978506","0.21858118023574236","0.16230668923977995","0.026343461371978506","0.21858118023574236","0.16230668923977995"
"run-17","relu","16","10","0.1","[32,64,32]","minibatch-gd","0.01860611931571106","0.01860611931571106","0.5676656068523929","0.13640424962482312","0.026442890531203907","0.026442890531203907","0.2156318405436276","0.1626127010144162","0.026442890531203907","0.2156318405436276","0.1626127010144162"
"run-203","tanh","256","100","0.01","[32,64]","minibatch-gd","0.02028722073461192","0.02028722073461192","0.5286032989402656","0.14243321499780842","0.026590191856369013","0.026590191856369013","0.2112624820134437","0.16306499273715683","0.026590191856369013","0.2112624820134437","0.16306499273715683"
"run-5","relu","16","10","0.01","[32,64]","minibatch-gd","0.032809422427787865","0.032809422427787865","0.2376356673761838","0.1811337142218087","0.026891578474547897","0.026891578474547897","0.20232253398821576","0.1639865191854132","0.026891578474547897","0.20232253398821576","0.1639865191854132"
"run-127","sigmoid","256","100","0.01","[32]","batch-gd","0.029772301129247947","0.029772301129247947","0.3082066430449888","0.17254651873986895","0.02705071000677865","0.02705071000677865","0.1976022592928296","0.1644710005039753","0.02705071000677865","0.1976022592928296","0.1644710005039753"
"run-208","tanh","256","100","0.1","[32]","batch-gd","0.02044071671272035","0.02044071671272035","0.5250366449045651","0.14297103452350182","0.02705931037646601","0.02705931037646601","0.1973471489018397","0.16449714397662352","0.02705931037646601","0.1973471489018397","0.16449714397662352"
"run-26","relu","16","100","0.01","[32,64,32]","minibatch-gd","0.018966393022867633","0.018966393022867633","0.5592942365570808","0.13771852824826306","0.0271512237864536","0.0271512237864536","0.1946207468038448","0.16477628405342076","0.0271512237864536","0.1946207468038448","0.16477628405342076"
"run-50","relu","256","10","0.1","[32,64]","minibatch-gd","0.02894680277254283","0.02894680277254283","0.3273880384254373","0.17013759952621535","0.02723678285793502","0.02723678285793502","0.19208283169416773","0.16503570176763274","0.02723678285793502","0.19208283169416773","0.16503570176763274"
"run-111","sigmoid","256","10","0.01","[32,64]","sgd","0.03053888070454479","0.03053888070454479","0.2903942927175639","0.17475377164612155","0.02739851913458776","0.02739851913458776","0.18728529318430875","0.1655249803944642","0.02739851913458776","0.18728529318430875","0.1655249803944642"
"run-154","tanh","16","10","0.1","[32]","batch-gd","0.05312968536561392","0.05312968536561392","-0.23452880694311373","0.23049877519330536","0.02743187991180146","0.02743187991180146","0.18629572166260744","0.16562572237367437","0.02743187991180146","0.18629572166260744","0.16562572237367437"
"run-29","relu","16","100","0.1","[32]","minibatch-gd","0.018400890037812808","0.018400890037812808","0.5724343430843131","0.13564988034573716","0.027664152962163287","0.027664152962163287","0.17940587031339006","0.16632544291888504","0.027664152962163287","0.17940587031339006","0.16632544291888504"
"run-28","relu","16","100","0.1","[32]","batch-gd","0.023213620647948185","0.023213620647948185","0.4606050608782792","0.15236016752402243","0.02805348971927568","0.02805348971927568","0.16785708160496216","0.16749176015337494","0.02805348971927568","0.16785708160496216","0.16749176015337494"
"run-199","tanh","256","100","0.01","[32]","batch-gd","0.030865413631311168","0.030865413631311168","0.28280692791887385","0.17568555328003255","0.028261322821469904","0.028261322821469904","0.1616921856889949","0.16811104312765984","0.028261322821469904","0.1616921856889949","0.16811104312765984"
"run-141","sigmoid","256","100","0.1","[32,64,32]","sgd","0.02828164041862439","0.02828164041862439","0.34284384399920553","0.16817146136792768","0.028322624660973735","0.028322624660973735","0.15987380615268176","0.1682932698029655","0.028322624660973735","0.15987380615268176","0.1682932698029655"
"run-129","sigmoid","256","100","0.01","[32,64]","sgd","0.03042803114990851","0.03042803114990851","0.29297000848726207","0.17443632405525092","0.02840978801759199","0.02840978801759199","0.1572883035760243","0.1685520335611291","0.02840978801759199","0.1572883035760243","0.1685520335611291"
"run-92","sigmoid","16","100","0.01","[32]","minibatch-gd","0.0254181265264238","0.0254181265264238","0.4093808536704763","0.15943063233401478","0.02848386861248661","0.02848386861248661","0.155090871347488","0.16877164635236158","0.02848386861248661","0.155090871347488","0.16877164635236158"
"run-163","tanh","16","100","0.01","[32]","batch-gd","0.030299972256460344","0.030299972256460344","0.29594560286278104","0.1740688721640384","0.02904568312158213","0.02904568312158213","0.13842592271280196","0.17042794114106444","0.02904568312158213","0.13842592271280196","0.17042794114106444"
"run-102","sigmoid","16","100","0.1","[32,64]","sgd","0.028654875269991435","0.028654875269991435","0.3341713067425486","0.16927750964021013","0.02910153419145148","0.02910153419145148","0.13676922785089196","0.17059171782783442","0.02910153419145148","0.13676922785089196","0.17059171782783442"
"run-2","relu","16","10","0.01","[32]","minibatch-gd","0.031125038253921163","0.031125038253921163","0.2767742538422605","0.17642289605921666","0.029271737325430723","0.029271737325430723","0.1317205392903329","0.17108985161438045","0.029271737325430723","0.1317205392903329","0.17108985161438045"
"run-137","sigmoid","256","100","0.1","[32]","minibatch-gd","0.03557209398217441","0.03557209398217441","0.17344184438358878","0.188605657344032","0.02930861759716315","0.02930861759716315","0.13062656997465316","0.17119759810570692","0.02930861759716315","0.13062656997465316","0.17119759810570692"
"run-170","tanh","16","100","0.01","[32,64,32]","minibatch-gd","0.024458645499381548","0.024458645499381548","0.43167548913552367","0.15639260052630863","0.029512907729842938","0.029512907729842938","0.12456676818497936","0.17179321211806634","0.029512907729842938","0.12456676818497936","0.17179321211806634"
"run-70","relu","256","100","0.1","[32,64,32]","batch-gd","0.026461205749766837","0.026461205749766837","0.3851437188130157","0.16266900672767026","0.029749718183344376","0.029749718183344376","0.11754232509946394","0.17248106615899722","0.029749718183344376","0.11754232509946394","0.17248106615899722"
"run-27","relu","16","100","0.1","[32]","sgd","0.03495295271350534","0.03495295271350534","0.18782829757786937","0.186957087893199","0.02977016641329749","0.02977016641329749","0.11693577490127216","0.17254033271469454","0.02977016641329749","0.11693577490127216","0.17254033271469454"
"run-49","relu","256","10","0.1","[32,64]","batch-gd","0.02851801687643861","0.02851801687643861","0.33735136753436856","0.16887278311332057","0.029871918842634057","0.029871918842634057","0.11391752068943573","0.17283494682104675","0.029871918842634057","0.11391752068943573","0.17283494682104675"
"run-172","tanh","16","100","0.1","[32]","batch-gd","0.02173601409453047","0.02173601409453047","0.4949389336081693","0.1474313877521692","0.03007227946347501","0.03007227946347501","0.10797427892427768","0.17341360806890274","0.03007227946347501","0.10797427892427768","0.17341360806890274"
"run-82","sigmoid","16","10","0.1","[32]","batch-gd","0.03787025897053722","0.03787025897053722","0.1200413609868206","0.1946028236448208","0.030118278176313417","0.030118278176313417","0.10660983180818616","0.17354618456282295","0.030118278176313417","0.10660983180818616","0.17354618456282295"
"run-8","relu","16","10","0.01","[32,64,32]","minibatch-gd","0.03274053547464916","0.03274053547464916","0.2392363342630106","0.1809434593309445","0.03014647196340918","0.03014647196340918","0.10577352728745626","0.1736273940465881","0.03014647196340918","0.10577352728745626","0.1736273940465881"
"run-202","tanh","256","100","0.01","[32,64]","batch-gd","0.026854335004909444","0.026854335004909444","0.3760089124051512","0.16387292334278242","0.0301860908268324","0.0301860908268324","0.10459832388273194","0.17374144821208437","0.0301860908268324","0.10459832388273194","0.17374144821208437"
"run-108","sigmoid","256","10","0.01","[32]","sgd","0.023445301859277408","0.023445301859277408","0.4552216838180695","0.15311858756949598","0.030581258099940663","0.030581258099940663","0.0928765861884524","0.1748749784844609","0.030581258099940663","0.0928765861884524","0.1748749784844609"
"run-62","relu","256","100","0.01","[32,64,32]","minibatch-gd","0.036577394950820824","0.036577394950820824","0.15008253034095265","0.19125217632963248","0.031026298775839935","0.031026298775839935","0.07967546752003718","0.17614283628873453","0.031026298775839935","0.07967546752003718","0.17614283628873453"
"run-77","sigmoid","16","10","0.01","[32,64]","minibatch-gd","0.042904473316929904","0.042904473316929904","0.0030656516789238086","0.20713395017941869","0.032659151919003974","0.032659151919003974","0.031240595657039735","0.18071843270403817","0.032659151919003974","0.031240595657039735","0.18071843270403817"
"run-152","tanh","16","10","0.01","[32,64,32]","minibatch-gd","0.032622781423388994","0.032622781423388994","0.24197248388284287","0.1806177771521646","0.03287892303960422","0.03287892303960422","0.02472158559785365","0.18132546164177887","0.03287892303960422","0.02472158559785365","0.18132546164177887"
"run-100","sigmoid","16","100","0.1","[32]","batch-gd","0.03975321080754667","0.03975321080754667","0.07628882850186247","0.1993820724326705","0.033087065731881776","0.033087065731881776","0.01854750639673952","0.18189850392975135","0.033087065731881776","0.01854750639673952","0.18189850392975135"
"run-105","sigmoid","16","100","0.1","[32,64,32]","sgd","0.039189599131229255","0.039189599131229255","0.08938498831450226","0.19796363082957752","0.0334595541059765","0.0334595541059765","0.00749848662097774","0.18291952904481387","0.0334595541059765","0.00749848662097774","0.18291952904481387"
"run-101","sigmoid","16","100","0.1","[32]","minibatch-gd","0.031867751461492407","0.031867751461492407","0.2595164657764336","0.1785154095911398","0.033549858012078895","0.033549858012078895","0.004819826792254789","0.18316620324743016","0.033549858012078895","0.004819826792254789","0.18316620324743016"
"run-133","sigmoid","256","100","0.01","[32,64,32]","batch-gd","0.04228681691758611","0.04228681691758611","0.017417602241690977","0.20563758634448645","0.033748707032155795","0.033748707032155795","-0.0010785767768772825","0.18370821166228743","0.033748707032155795","-0.0010785767768772825","0.18370821166228743"
"run-56","relu","256","100","0.01","[32]","minibatch-gd","0.04895397896349754","0.04895397896349754","-0.1375015084135831","0.22125546086706543","0.033787135211418566","0.033787135211418566","-0.002218461246165093","0.183812772166187","0.033787135211418566","-0.002218461246165093","0.183812772166187"
"run-210","tanh","256","100","0.1","[32,64]","sgd","0.042323297189259305","0.042323297189259305","0.016569941542107558","0.20572626762098056","0.033829313375939404","0.033829313375939404","-0.003469580492581059","0.18392746770381907","0.033829313375939404","-0.003469580492581059","0.18392746770381907"
"run-103","sigmoid","16","100","0.1","[32,64]","batch-gd","0.043701124654998515","0.043701124654998515","-0.015445450338104072","0.20904813956359075","0.033884147193468016","0.033884147193468016","-0.005096100879228294","0.18407647104795336","0.033884147193468016","-0.005096100879228294","0.18407647104795336"
"run-88","sigmoid","16","10","0.1","[32,64,32]","batch-gd","0.04263592899564552","0.04263592899564552","0.009305585122631466","0.2064846943374872","0.03389184054835196","0.03389184054835196","-0.005324306740582374","0.1840973670326438","0.03389184054835196","-0.005324306740582374","0.1840973670326438"
"run-124","sigmoid","256","10","0.1","[32,64,32]","batch-gd","0.04276631111873448","0.04276631111873448","0.006276007857942689","0.2068001719504471","0.034009650236004614","0.034009650236004614","-0.008818862971536001","0.1844170551657428","0.034009650236004614","-0.008818862971536001","0.1844170551657428"
"run-80","sigmoid","16","10","0.01","[32,64,32]","minibatch-gd","0.043169169456127206","0.043169169456127206","-0.0030848648670895873","0.2077719169092089","0.034183410699063235","0.034183410699063235","-0.013973071602197962","0.18488756231575784","0.034183410699063235","-0.013973071602197962","0.18488756231575784"
"run-97","sigmoid","16","100","0.01","[32,64,32]","batch-gd","0.04309419107962941","0.04309419107962941","-0.0013426568143337647","0.20759140415640867","0.03423210451400474","0.03423210451400474","-0.015417462787704173","0.1850192003928369","0.03423210451400474","-0.015417462787704173","0.1850192003928369"
"run-134","sigmoid","256","100","0.01","[32,64,32]","minibatch-gd","0.04321158734335351","0.04321158734335351","-0.004070492832890071","0.20787396985518297","0.03426030356035758","0.03426030356035758","-0.016253923312324225","0.18509539043519585","0.03426030356035758","-0.016253923312324225","0.18509539043519585"
"run-142","sigmoid","256","100","0.1","[32,64,32]","batch-gd","0.043074281213014216","0.043074281213014216","-0.0008800283664196495","0.2075434441581189","0.034342972614006394","0.034342972614006394","-0.0187061126211292","0.18531857061289456","0.034342972614006394","-0.0187061126211292","0.18531857061289456"
"run-125","sigmoid","256","10","0.1","[32,64,32]","minibatch-gd","0.0430686695097704","0.0430686695097704","-0.0007496340442465499","0.20752992437181297","0.03438340667213056","0.03438340667213056","-0.019905496921146515","0.18542763190023903","0.03438340667213056","-0.019905496921146515","0.18542763190023903"
"run-131","sigmoid","256","100","0.01","[32,64]","minibatch-gd","0.04303688742401729","0.04303688742401729","-0.000011141050415997","0.20745333794378265","0.03441066098653078","0.03441066098653078","-0.0207139341227498","0.1855011077770987","0.03441066098653078","-0.0207139341227498","0.1855011077770987"
"run-106","sigmoid","16","100","0.1","[32,64,32]","batch-gd","0.043335792165536687","0.043335792165536687","-0.0069565334689527525","0.20817250578675536","0.03457240297891622","0.03457240297891622","-0.025511642176809343","0.1859365563274641","0.03457240297891622","-0.025511642176809343","0.1859365563274641"
"run-91","sigmoid","16","100","0.01","[32]","batch-gd","0.034421534318798915","0.034421534318798915","0.2001764097921599","0.18553041346043217","0.03468732008895652","0.03468732008895652","-0.0289203966768512","0.18624532232772056","0.03468732008895652","-0.0289203966768512","0.18624532232772056"
"run-143","sigmoid","256","100","0.1","[32,64,32]","minibatch-gd","0.04318406925056229","0.04318406925056229","-0.003431078576451086","0.20780776994752215","0.03498842127588132","0.03498842127588132","-0.037851878033612785","0.18705192133704832","0.03498842127588132","-0.037851878033612785","0.18705192133704832"
"run-128","sigmoid","256","100","0.01","[32]","minibatch-gd","0.03799086330467656","0.03799086330467656","0.11723898179498791","0.1949124503582995","0.03500381998224328","0.03500381998224328","-0.038308645607977754","0.18709307839212888","0.03500381998224328","-0.038308645607977754","0.18709307839212888"
"run-123","sigmoid","256","10","0.1","[32,64,32]","sgd","0.04244940990511548","0.04244940990511548","0.013639568821567584","0.20603254574245175","0.03502941663836839","0.03502941663836839","-0.0390679121499391","0.1871614720992769","0.03502941663836839","-0.0390679121499391","0.1871614720992769"
"run-74","sigmoid","16","10","0.01","[32]","minibatch-gd","0.04105533715789133","0.04105533715789133","0.04603243833659021","0.20262116660875124","0.035053766224832035","0.035053766224832035","-0.03979018720891858","0.1872265104754987","0.035053766224832035","-0.03979018720891858","0.1872265104754987"
"run-25","relu","16","100","0.01","[32,64,32]","batch-gd","0.042660712322697546","0.042660712322697546","0.008729716265756582","0.2065446981229427","0.03505555185105069","0.03505555185105069","-0.03984315374633085","0.1872312790402573","0.03505555185105069","-0.03984315374633085","0.1872312790402573"
"run-121","sigmoid","256","10","0.1","[32,64]","batch-gd","0.04439276754061564","0.04439276754061564","-0.031516561253513986","0.21069591249147585","0.035244532641873924","0.035244532641873924","-0.045448838756285026","0.18773527276959415","0.035244532641873924","-0.045448838756285026","0.18773527276959415"
"run-132","sigmoid","256","100","0.01","[32,64,32]","sgd","0.04300920644397964","0.04300920644397964","0.0006320580768842676","0.20738661105283449","0.0354324238832932","0.0354324238832932","-0.05102220476315544","0.18823502299862585","0.0354324238832932","-0.05102220476315544","0.18823502299862585"
"run-94","sigmoid","16","100","0.01","[32,64]","batch-gd","0.04507941453472758","0.04507941453472758","-0.047471586934518806","0.21231913369907943","0.03564584791516438","0.03564584791516438","-0.057352942882159974","0.18880108028071335","0.03564584791516438","-0.057352942882159974","0.18880108028071335"
"run-93","sigmoid","16","100","0.01","[32,64]","sgd","0.04063936533632768","0.04063936533632768","0.05569801781561501","0.20159207657129705","0.036090901143349535","0.036090901143349535","-0.07055443388556482","0.189976054131434","0.036090901143349535","-0.07055443388556482","0.189976054131434"
"run-130","sigmoid","256","100","0.01","[32,64]","batch-gd","0.04634971936491307","0.04634971936491307","-0.07698856780258079","0.2152898496560232","0.036100027606505034","0.036100027606505034","-0.07082514964181597","0.19000007264868357","0.036100027606505034","-0.07082514964181597","0.19000007264868357"
"run-95","sigmoid","16","100","0.01","[32,64]","minibatch-gd","0.04437229864547805","0.04437229864547805","-0.03104094314059336","0.21064733239582703","0.03611639629390226","0.03611639629390226","-0.0713106894957638","0.1900431432435863","0.03611639629390226","-0.0713106894957638","0.1900431432435863"
"run-146","tanh","16","10","0.01","[32]","minibatch-gd","0.033478087439065586","0.033478087439065586","0.2220984735656676","0.1829701818304436","0.03613392631192499","0.03613392631192499","-0.07183067757934736","0.19008925880208224","0.03613392631192499","-0.07183067757934736","0.19008925880208224"
"run-98","sigmoid","16","100","0.01","[32,64,32]","minibatch-gd","0.04440833701075542","0.04440833701075542","-0.03187833564129994","0.2107328569795309","0.036248530545688405","0.036248530545688405","-0.07523015131679056","0.1903904686314113","0.036248530545688405","-0.07523015131679056","0.1903904686314113"
"run-22","relu","16","100","0.01","[32,64]","batch-gd","0.04044202851988009","0.04044202851988009","0.06028336370837773","0.20110203509631644","0.036419030489801","0.036419030489801","-0.08028764407436939","0.19083770720117396","0.036419030489801","-0.08028764407436939","0.19083770720117396"
"run-84","sigmoid","16","10","0.1","[32,64]","sgd","0.032878812106329064","0.032878812106329064","0.23602331909152652","0.18132515574604935","0.036603033474752286","0.036603033474752286","-0.08574567380339637","0.1913191926460915","0.036603033474752286","-0.08574567380339637","0.1913191926460915"
"run-114","sigmoid","256","10","0.01","[32,64,32]","sgd","0.048429545265489975","0.048429545265489975","-0.1253156935895965","0.22006713808628944","0.03670036012309073","0.03670036012309073","-0.08863264729569287","0.19157338051799036","0.03670036012309073","-0.08863264729569287","0.19157338051799036"
"run-160","tanh","16","10","0.1","[32,64,32]","batch-gd","0.03746957386920753","0.03746957386920753","0.12935173609445427","0.1935705914368387","0.037004674409767166","0.037004674409767166","-0.0976594379430693","0.19236599078258912","0.037004674409767166","-0.0976594379430693","0.19236599078258912"
"run-78","sigmoid","16","10","0.01","[32,64,32]","sgd","0.04371169135262841","0.04371169135262841","-0.015690979603496746","0.20907341139568275","0.03707344186685817","0.03707344186685817","-0.09969926803219352","0.19254464902161827","0.03707344186685817","-0.09969926803219352","0.19254464902161827"
"run-53","relu","256","10","0.1","[32,64,32]","minibatch-gd","0.03823917751905275","0.03823917751905275","0.11146911794747384","0.19554840198542345","0.037797235255555915","0.037797235255555915","-0.1211689514410328","0.1944151106667275","0.037797235255555915","-0.1211689514410328","0.1944151106667275"
"run-140","sigmoid","256","100","0.1","[32,64]","minibatch-gd","0.051074716381161074","0.051074716381161074","-0.1867792599389526","0.22599716011746937","0.03780308996790402","0.03780308996790402","-0.12134261815659908","0.19443016732982568","0.03780308996790402","-0.12134261815659908","0.19443016732982568"
"run-118","sigmoid","256","10","0.1","[32]","batch-gd","0.04661247861675755","0.04661247861675755","-0.08309407856291307","0.21589923255249785","0.03806611906071307","0.03806611906071307","-0.12914477749945363","0.1951054050012789","0.03806611906071307","-0.12914477749945363","0.1951054050012789"
"run-115","sigmoid","256","10","0.01","[32,64,32]","batch-gd","0.05079205331140537","0.05079205331140537","-0.1802112612792386","0.2253709238375824","0.03832768552766558","0.03832768552766558","-0.13690355137543886","0.19577457834883868","0.03832768552766558","-0.13690355137543886","0.19577457834883868"
"run-139","sigmoid","256","100","0.1","[32,64]","batch-gd","0.04810642129382823","0.04810642129382823","-0.11780753974894775","0.2193317607958962","0.0385013472044347","0.0385013472044347","-0.14205482973567585","0.19621760166823643","0.0385013472044347","-0.14205482973567585","0.19621760166823643"
"run-113","sigmoid","256","10","0.01","[32,64]","minibatch-gd","0.048056188955150854","0.048056188955150854","-0.11664033409526042","0.21921721865572252","0.0385145580069992","0.0385145580069992","-0.14244669812390032","0.19625126243415408","0.0385145580069992","-0.14244669812390032","0.19625126243415408"
"run-174","tanh","16","100","0.1","[32,64]","sgd","0.04425224240330981","0.04425224240330981","-0.0282512994905304","0.2103621696106736","0.03865662248775855","0.03865662248775855","-0.14666071758466392","0.19661287467446925","0.03865662248775855","-0.14666071758466392","0.19661287467446925"
"run-193","tanh","256","10","0.1","[32,64]","batch-gd","0.03588504572676907","0.03588504572676907","0.16617005383511174","0.18943348628679427","0.038681133670734655","0.038681133670734655","-0.1473877860363666","0.1966751984128519","0.038681133670734655","-0.1473877860363666","0.1966751984128519"
"run-157","tanh","16","10","0.1","[32,64]","batch-gd","0.03869488484228791","0.03869488484228791","0.10088023878891494","0.1967101543954656","0.03868142714287096","0.03868142714287096","-0.14739649121930154","0.19667594449467113","0.03868142714287096","-0.14739649121930154","0.19667594449467113"
"run-169","tanh","16","100","0.01","[32,64,32]","batch-gd","0.04148118361759336","0.04148118361759336","0.0361374103834009","0.2036692996442845","0.03870035855353102","0.03870035855353102","-0.14795804842568283","0.19672406704196368","0.03870035855353102","-0.14795804842568283","0.19672406704196368"
"run-194","tanh","256","10","0.1","[32,64]","minibatch-gd","0.02966936421337688","0.02966936421337688","0.31059849963262387","0.1722479730312577","0.03879684871961253","0.03879684871961253","-0.15082020957579156","0.19696915677235496","0.03879684871961253","-0.15082020957579156","0.19696915677235496"
"run-107","sigmoid","16","100","0.1","[32,64,32]","minibatch-gd","0.051709481948095666","0.051709481948095666","-0.20152876151502452","0.2273971898421255","0.03891861661791994","0.03891861661791994","-0.1544321771163124","0.19727801858777863","0.03891861661791994","-0.1544321771163124","0.19727801858777863"
"run-120","sigmoid","256","10","0.1","[32,64]","sgd","0.03476943502327438","0.03476943502327438","0.1920925403192807","0.1864656403289206","0.03926630319306768","0.03926630319306768","-0.16474550797908294","0.19815726883732449","0.03926630319306768","-0.16474550797908294","0.19815726883732449"
"run-16","relu","16","10","0.1","[32,64,32]","batch-gd","0.046486196299800574","0.046486196299800574","-0.0801597649674517","0.21560657758936896","0.03935209605853014","0.03935209605853014","-0.16729035805505577","0.19837362742695952","0.03935209605853014","-0.16729035805505577","0.19837362742695952"
"run-87","sigmoid","16","10","0.1","[32,64,32]","sgd","0.044476494807537896","0.044476494807537896","-0.03346205974895633","0.2108945110891649","0.040665707480577504","0.040665707480577504","-0.20625565090518072","0.2016574012541506","0.040665707480577504","-0.20625565090518072","0.2016574012541506"
"run-75","sigmoid","16","10","0.01","[32,64]","sgd","0.042951516388185326","0.042951516388185326","0.0019725522895288616","0.20724747619255904","0.04155556945989579","0.04155556945989579","-0.23265138105671013","0.20385183212298044","0.04155556945989579","-0.23265138105671013","0.20385183212298044"
"run-119","sigmoid","256","10","0.1","[32]","minibatch-gd","0.05051940835330929","0.05051940835330929","-0.17387604486451358","0.22476522941351337","0.0416139497571882","0.0416139497571882","-0.23438309969320817","0.20399497483317625","0.0416139497571882","-0.23438309969320817","0.20399497483317625"
"run-79","sigmoid","16","10","0.01","[32,64,32]","batch-gd","0.04744645649886128","0.04744645649886128","-0.10247250538259856","0.21782207532493417","0.041643946403592605","0.041643946403592605","-0.23527288193173937","0.20406848459179727","0.041643946403592605","-0.23527288193173937","0.20406848459179727"
"run-96","sigmoid","16","100","0.01","[32,64,32]","sgd","0.04723856695148938","0.04723856695148938","-0.09764195475676885","0.21734435109173963","0.0418122103212681","0.0418122103212681","-0.240264048054607","0.2044803421389648","0.0418122103212681","-0.240264048054607","0.2044803421389648"
"run-61","relu","256","100","0.01","[32,64,32]","batch-gd","0.0427452270969812","0.0427452270969812","0.006765919139018917","0.20674918886656168","0.041847431671452925","0.041847431671452925","-0.2413088092385418","0.20456644805894472","0.041847431671452925","-0.2413088092385418","0.20456644805894472"
"run-89","sigmoid","16","10","0.1","[32,64,32]","minibatch-gd","0.04786495247042093","0.04786495247042093","-0.11219673636429396","0.2187806035059345","0.04211449815306287","0.04211449815306287","-0.24923072853044712","0.20521817208293924","0.04211449815306287","-0.24923072853044712","0.20521817208293924"
"run-116","sigmoid","256","10","0.01","[32,64,32]","minibatch-gd","0.048245320921992914","0.048245320921992914","-0.1210350309539674","0.2196481753213373","0.04222920800748409","0.04222920800748409","-0.2526333352642949","0.2054974647227651","0.04222920800748409","-0.2526333352642949","0.2054974647227651"
"run-55","relu","256","100","0.01","[32]","batch-gd","0.043088081689336366","0.043088081689336366","-0.0012006981662122662","0.20757668869441087","0.04362490144824661","0.04362490144824661","-0.29403340436810144","0.20886574982089956","0.04362490144824661","-0.29403340436810144","0.20886574982089956"
"run-188","tanh","256","10","0.01","[32,64,32]","minibatch-gd","0.04856400176328522","0.04856400176328522","-0.1284399435953445","0.22037241606717756","0.04386822127587494","0.04386822127587494","-0.30125093322073804","0.20944741888090895","0.04386822127587494","-0.30125093322073804","0.20944741888090895"
"run-58","relu","256","100","0.01","[32,64]","batch-gd","0.05404242364547865","0.05404242364547865","-0.2557373213910834","0.23247026400268625","0.04395645710102658","0.04395645710102658","-0.3038682481353323","0.20965795263005543","0.04395645710102658","-0.3038682481353323","0.20965795263005543"
"run-13","relu","16","10","0.1","[32,64]","batch-gd","0.0436485881332583","0.0436485881332583","-0.014224704364199647","0.20892244525961853","0.04630235360688344","0.04630235360688344","-0.3734539283544725","0.21517981691339788","0.04630235360688344","-0.3734539283544725","0.21517981691339788"
"run-46","relu","256","10","0.1","[32]","batch-gd","0.049942924694330336","0.049942924694330336","-0.16048078986076186","0.2234791370448936","0.04637712202331755","0.04637712202331755","-0.3756717632433883","0.21535348156767176","0.04637712202331755","-0.3756717632433883","0.21535348156767176"
"run-10","relu","16","10","0.1","[32]","batch-gd","0.055326684132193875","0.055326684132193875","-0.28557857784796536","0.2352162497196864","0.04696318438881598","0.04696318438881598","-0.3930559693463558","0.21670990837711132","0.04696318438881598","-0.3930559693463558","0.21670990837711132"
"run-76","sigmoid","16","10","0.01","[32,64]","batch-gd","0.052808312420609974","0.052808312420609974","-0.22706134020301705","0.2298005927333739","0.04826319065330388","0.04826319065330388","-0.4316176961649445","0.21968884963353028","0.04826319065330388","-0.4316176961649445","0.21968884963353028"
"run-83","sigmoid","16","10","0.1","[32]","minibatch-gd","0.04465304864624574","0.04465304864624574","-0.037564489461485495","0.2113126798047049","0.0483145160215387","0.0483145160215387","-0.4331401463890703","0.2198056323699161","0.0483145160215387","-0.4331401463890703","0.2198056323699161"
"run-52","relu","256","10","0.1","[32,64,32]","batch-gd","0.05882268245038906","0.05882268245038906","-0.3668120841850826","0.2425338789744415","0.04987535705435629","0.04987535705435629","-0.47943894290945854","0.22332791373752697","0.04987535705435629","-0.47943894290945854","0.22332791373752697"
"run-196","tanh","256","10","0.1","[32,64,32]","batch-gd","0.041982482320332505","0.041982482320332505","0.02448916354821018","0.2048962720996468","0.05137604708559032","0.05137604708559032","-0.5239534968809518","0.226662848931161","0.05137604708559032","-0.5239534968809518","0.226662848931161"
"run-19","relu","16","100","0.01","[32]","batch-gd","0.04043746440575629","0.04043746440575629","0.06038941610310267","0.2010906870189574","0.05164466552540326","0.05164466552540326","-0.5319214514804496","0.2272546270714928","0.05164466552540326","-0.5319214514804496","0.2272546270714928"
"run-185","tanh","256","10","0.01","[32,64]","minibatch-gd","0.046600387729080095","0.046600387729080095","-0.08281313300419901","0.2158712295075008","0.053124561197980806","0.053124561197980806","-0.5758191881336083","0.2304876595351274","0.053124561197980806","-0.5758191881336083","0.2304876595351274"
"run-86","sigmoid","16","10","0.1","[32,64]","minibatch-gd","0.07060746264571188","0.07060746264571188","-0.6406448865911507","0.2657206477594692","0.05528714179218695","0.05528714179218695","-0.6399672190892964","0.2351321794059396","0.05528714179218695","-0.6399672190892964","0.2351321794059396"
"run-41","relu","256","10","0.01","[32,64]","minibatch-gd","0.07211781325814184","0.07211781325814184","-0.6757396048601905","0.26854759961344254","0.05650242341773231","0.05650242341773231","-0.6760157823401751","0.23770238412294545","0.05650242341773231","-0.6760157823401751","0.23770238412294545"
"run-151","tanh","16","10","0.01","[32,64,32]","batch-gd","0.06018627793379754","0.06018627793379754","-0.3984967797314787","0.24532891785070415","0.057568534831482096","0.057568534831482096","-0.7076395507928548","0.23993443861080488","0.057568534831482096","-0.7076395507928548","0.23993443861080488"
"run-122","sigmoid","256","10","0.1","[32,64]","minibatch-gd","0.06144326240940902","0.06144326240940902","-0.4277042469759011","0.2478775149330996","0.05943537430776074","0.05943537430776074","-0.7630150946382317","0.24379371260916624","0.05943537430776074","-0.7630150946382317","0.24379371260916624"
"run-7","relu","16","10","0.01","[32,64,32]","batch-gd","0.06482644112967831","0.06482644112967831","-0.5063162613416505","0.25461037121389674","0.0649514557396351","0.0649514557396351","-0.9266370948512984","0.25485575477048794","0.0649514557396351","-0.9266370948512984","0.25485575477048794"
"run-200","tanh","256","100","0.01","[32]","minibatch-gd","0.06189417444705211","0.06189417444705211","-0.43818170220713615","0.2487853983799132","0.06500993547356791","0.06500993547356791","-0.9283717630494012","0.25497046000187534","0.06500993547356791","-0.9283717630494012","0.25497046000187534"
"run-187","tanh","256","10","0.01","[32,64,32]","batch-gd","0.0716221890866908","0.0716221890866908","-0.6642232122284053","0.2676232222485388","0.06702311523408527","0.06702311523408527","-0.9880881583333598","0.258888229230464","0.06702311523408527","-0.9880881583333598","0.258888229230464"
"run-110","sigmoid","256","10","0.01","[32]","minibatch-gd","0.06915707098361644","0.06915707098361644","-0.6069433828859208","0.2629773202837394","0.06858115487696864","0.06858115487696864","-1.034303857997751","0.26188003909608815","0.06858115487696864","-1.034303857997751","0.26188003909608815"
"run-184","tanh","256","10","0.01","[32,64]","batch-gd","0.07649716038488968","0.07649716038488968","-0.7774987277755478","0.27658120034610034","0.07931223488268659","0.07931223488268659","-1.352616920752046","0.28162427963988934","0.07931223488268659","-1.352616920752046","0.28162427963988934"
"run-1","relu","16","10","0.01","[32]","batch-gd","0.11434999964934028","0.11434999964934028","-1.65705260005946","0.3381567678597314","0.08136789550639548","0.08136789550639548","-1.4135934141494977","0.28525058370912315","0.08136789550639548","-1.4135934141494977","0.28525058370912315"
"run-181","tanh","256","10","0.01","[32]","batch-gd","0.05651035448203978","0.05651035448203978","-0.3130825078026298","0.2377190662989399","0.08343061660732795","0.08343061660732795","-1.4747793405330365","0.2888435850202112","0.08343061660732795","-1.4747793405330365","0.2888435850202112"
"run-112","sigmoid","256","10","0.01","[32,64]","batch-gd","0.08465282689844321","0.08465282689844321","-0.9670049366212624","0.29095158858209247","0.08385452290678283","0.08385452290678283","-1.4873535560293725","0.28957645433768064","0.08385452290678283","-1.4873535560293725","0.28957645433768064"
"run-73","sigmoid","16","10","0.01","[32]","batch-gd","0.09615728137990862","0.09615728137990862","-1.2343240514964822","0.3100923755591366","0.09178459938392385","0.09178459938392385","-1.722581224630252","0.30295973228124534","0.09178459938392385","-1.722581224630252","0.30295973228124534"
"run-38","relu","256","10","0.01","[32]","minibatch-gd","0.10327305539118276","0.10327305539118276","-1.3996671725814904","0.32136125371796576","0.09639004861297792","0.09639004861297792","-1.8591913932878787","0.3104674678818667","0.09639004861297792","-1.8591913932878787","0.3104674678818667"
"run-148","tanh","16","10","0.01","[32,64]","batch-gd","0.08560018409173765","0.08560018409173765","-0.9890178609880932","0.29257509137268956","0.10005809698717258","0.10005809698717258","-1.9679956992569587","0.31631961208115533","0.10005809698717258","-1.9679956992569587","0.31631961208115533"
"run-145","tanh","16","10","0.01","[32]","batch-gd","0.0990377620389632","0.0990377620389632","-1.3012553033376024","0.31470265654894497","0.10128921405660377","0.10128921405660377","-2.0045139849067652","0.31825966451406273","0.10128921405660377","-2.0045139849067652","0.31825966451406273"
"run-44","relu","256","10","0.01","[32,64,32]","minibatch-gd","0.10256112820921584","0.10256112820921584","-1.3831247329164356","0.3202516638664284","0.10167934207737124","0.10167934207737124","-2.0160862446504804","0.31887198383892434","0.10167934207737124","-2.0160862446504804","0.31887198383892434"
"run-4","relu","16","10","0.01","[32,64]","batch-gd","0.10639864261070064","0.10639864261070064","-1.4722937547747557","0.3261880479274197","0.10183360870207578","0.10183360870207578","-2.020662212937392","0.3191137864494039","0.10183360870207578","-2.020662212937392","0.3191137864494039"
"run-85","sigmoid","16","10","0.1","[32,64]","batch-gd","0.1036427204001816","0.1036427204001816","-1.4082567604811267","0.32193589486135527","0.105521941757207","0.105521941757207","-2.1300682177953503","0.3248414101638013","0.105521941757207","-2.1300682177953503","0.3248414101638013"
"run-109","sigmoid","256","10","0.01","[32]","batch-gd","0.14669857619275184","0.14669857619275184","-2.408708653198679","0.3830125013530914","0.13058517766573502","0.13058517766573502","-2.8735120631796005","0.36136571180140353","0.13058517766573502","-2.8735120631796005","0.36136571180140353"
"run-182","tanh","256","10","0.01","[32]","minibatch-gd","0.13528329922244312","0.13528329922244312","-2.143461679456929","0.3678087807848572","0.14938233947870597","0.14938233947870597","-3.431087083083159","0.3865001157551003","0.14938233947870597","-3.431087083083159","0.3865001157551003"
"run-104","sigmoid","16","100","0.1","[32,64]","minibatch-gd","0.16467946012046525","0.16467946012046525","-2.8265149893421504","0.40580717110527414","0.1691738785416198","0.1691738785416198","-4.018158040748233","0.4113075230792889","0.1691738785416198","-4.018158040748233","0.4113075230792889"
"run-43","relu","256","10","0.01","[32,64,32]","batch-gd","0.2063913259859643","0.2063913259859643","-3.7957377439650033","0.45430312125932426","0.21648027948613727","0.21648027948613727","-5.421394748004949","0.46527441310063167","0.21648027948613727","-5.421394748004949","0.46527441310063167"
"run-40","relu","256","10","0.01","[32,64]","batch-gd","0.22629286831798515","0.22629286831798515","-4.258172767669829","0.4757024998021191","0.21982026627695625","0.21982026627695625","-5.520467853822628","0.4688499400415406","0.21982026627695625","-5.520467853822628","0.4688499400415406"
"run-37","relu","256","10","0.01","[32]","batch-gd","0.34113831221677116","0.34113831221677116","-6.926737579668171","0.5840704685367778","0.40744796364174807","0.40744796364174807","-11.086016426184344","0.638316507417557","0.40744796364174807","-11.086016426184344","0.638316507417557"